-- MySQL dump 10.13  Distrib 5.7.24, for osx11.1 (x86_64)
--
-- Host: localhost    Database: social_dashboard
-- ------------------------------------------------------
-- Server version	9.3.0

/*!40101 SET @OLD_CHARACTER_SET_CLIENT=@@CHARACTER_SET_CLIENT */;
/*!40101 SET @OLD_CHARACTER_SET_RESULTS=@@CHARACTER_SET_RESULTS */;
/*!40101 SET @OLD_COLLATION_CONNECTION=@@COLLATION_CONNECTION */;
/*!40101 SET NAMES utf8 */;
/*!40103 SET @OLD_TIME_ZONE=@@TIME_ZONE */;
/*!40103 SET TIME_ZONE='+00:00' */;
/*!40014 SET @OLD_UNIQUE_CHECKS=@@UNIQUE_CHECKS, UNIQUE_CHECKS=0 */;
/*!40014 SET @OLD_FOREIGN_KEY_CHECKS=@@FOREIGN_KEY_CHECKS, FOREIGN_KEY_CHECKS=0 */;
/*!40101 SET @OLD_SQL_MODE=@@SQL_MODE, SQL_MODE='NO_AUTO_VALUE_ON_ZERO' */;
/*!40111 SET @OLD_SQL_NOTES=@@SQL_NOTES, SQL_NOTES=0 */;

--
-- Table structure for table `social_accounts`
--

DROP TABLE IF EXISTS `social_accounts`;
/*!40101 SET @saved_cs_client     = @@character_set_client */;
/*!40101 SET character_set_client = utf8 */;
CREATE TABLE `social_accounts` (
  `id` int NOT NULL AUTO_INCREMENT,
  `user_id` int DEFAULT NULL,
  `platform` varchar(50) DEFAULT NULL,
  `account_name` varchar(100) DEFAULT NULL,
  `ig_id` varchar(255) DEFAULT NULL,
  `access_token` text,
  `page_id` varchar(50) DEFAULT NULL,
  `twitter_id` varchar(100) DEFAULT NULL,
  `refresh_token` text,
  `status` varchar(20) DEFAULT 'active',
  PRIMARY KEY (`id`),
  UNIQUE KEY `unique_social_account` (`user_id`,`platform`,`account_name`),
  CONSTRAINT `social_accounts_ibfk_1` FOREIGN KEY (`user_id`) REFERENCES `users` (`id`)
) ENGINE=InnoDB AUTO_INCREMENT=56 DEFAULT CHARSET=utf8mb4 COLLATE=utf8mb4_0900_ai_ci;
/*!40101 SET character_set_client = @saved_cs_client */;

--
-- Dumping data for table `social_accounts`
--

LOCK TABLES `social_accounts` WRITE;
/*!40000 ALTER TABLE `social_accounts` DISABLE KEYS */;
INSERT INTO `social_accounts` VALUES (42,16,'facebook','TestingSocial','17841416376028911','EAAOm0W2ZBqzcBR6v9nKH4J0BXNUT6pszswTOSlqHEBhcNagsQ6BpjlQSKXWbIKwLEXfUE7xobP36XOFlhf3iISm7xxKMNSjzLWOKIObcEWLc4bSyewF2EFESk8MoPx32dBwf9y9FvnIa81shF5JQszAN1syvBZBdhpm53x3uV4DUkPOgtNX3YHRr0ITNIZA0ZCZCT','1159219187280288',NULL,NULL,'active'),(43,16,'instagram','sbhowmik17','17841416376028911','EAAOm0W2ZBqzcBR6v9nKH4J0BXNUT6pszswTOSlqHEBhcNagsQ6BpjlQSKXWbIKwLEXfUE7xobP36XOFlhf3iISm7xxKMNSjzLWOKIObcEWLc4bSyewF2EFESk8MoPx32dBwf9y9FvnIa81shF5JQszAN1syvBZBdhpm53x3uV4DUkPOgtNX3YHRr0ITNIZA0ZCZCT','1159219187280288',NULL,NULL,'active'),(54,16,'twitter','BhowmikSrijana',NULL,'MWZqMnUwVUtWSGswWDRETzYyMUZZMHRrZURPQm02YnYta0dIby1ocTFxWmR5OjE3ODMxNDc0NzUxMjE6MTowOmF0OjE',NULL,'1980529048574185472','R0tBVmVUMDY2SUQ3elc4ZkJkM3pxYmw2Y055eUVXdG5hbEFWU2steW5mbXQtOjE3ODMxNDc0NzUxMjE6MToxOnJ0OjE','active');
/*!40000 ALTER TABLE `social_accounts` ENABLE KEYS */;
UNLOCK TABLES;

--
-- Table structure for table `social_metrics`
--

DROP TABLE IF EXISTS `social_metrics`;
/*!40101 SET @saved_cs_client     = @@character_set_client */;
/*!40101 SET character_set_client = utf8 */;
CREATE TABLE `social_metrics` (
  `id` int NOT NULL AUTO_INCREMENT,
  `account_id` int DEFAULT NULL,
  `followers` int DEFAULT '0',
  `likes_count` int DEFAULT '0',
  `comments_count` int DEFAULT '0',
  `shares_count` int DEFAULT '0',
  `recorded_at` timestamp NULL DEFAULT CURRENT_TIMESTAMP,
  PRIMARY KEY (`id`),
  KEY `account_id` (`account_id`),
  CONSTRAINT `social_metrics_ibfk_1` FOREIGN KEY (`account_id`) REFERENCES `social_accounts` (`id`)
) ENGINE=InnoDB AUTO_INCREMENT=2631 DEFAULT CHARSET=utf8mb4 COLLATE=utf8mb4_0900_ai_ci;
/*!40101 SET character_set_client = @saved_cs_client */;

--
-- Dumping data for table `social_metrics`
--

LOCK TABLES `social_metrics` WRITE;
/*!40000 ALTER TABLE `social_metrics` DISABLE KEYS */;
INSERT INTO `social_metrics` VALUES (1340,42,1,1,1,0,'2026-07-02 06:08:02'),(1341,43,3,4,1,0,'2026-07-02 06:08:02'),(1343,43,3,4,1,0,'2026-07-02 06:09:02'),(1345,42,1,1,1,0,'2026-07-02 06:09:04'),(1348,42,1,1,1,0,'2026-07-02 06:10:02'),(1349,43,3,4,1,0,'2026-07-02 06:10:02'),(1352,42,1,1,1,0,'2026-07-02 06:11:02'),(1353,43,3,3,1,0,'2026-07-02 06:11:02'),(1356,43,3,4,1,0,'2026-07-02 06:12:02'),(1357,42,1,1,1,0,'2026-07-02 06:12:02'),(1360,42,1,1,1,0,'2026-07-02 06:13:02'),(1361,43,3,4,2,0,'2026-07-02 06:13:03'),(1364,42,1,1,1,0,'2026-07-02 06:14:02'),(1365,43,3,4,2,0,'2026-07-02 06:14:03'),(1368,42,1,1,1,0,'2026-07-02 06:15:02'),(1369,43,3,4,2,0,'2026-07-02 06:15:04'),(1372,42,1,1,1,0,'2026-07-02 06:16:02'),(1373,43,3,4,2,0,'2026-07-02 06:16:04'),(1376,43,3,4,2,0,'2026-07-02 06:17:02'),(1377,42,1,1,1,0,'2026-07-02 06:17:03'),(1378,42,1,1,1,0,'2026-07-02 06:18:01'),(1379,43,3,4,2,0,'2026-07-02 06:18:01'),(1380,43,3,4,2,0,'2026-07-02 06:19:01'),(1381,42,1,1,1,0,'2026-07-02 06:19:01'),(1382,42,1,1,1,0,'2026-07-02 06:20:01'),(1383,43,3,4,2,0,'2026-07-02 06:20:01'),(1384,42,1,1,1,0,'2026-07-02 06:21:01'),(1385,43,3,4,2,0,'2026-07-02 06:21:01'),(1386,42,1,1,1,0,'2026-07-02 06:22:01'),(1387,43,3,4,2,0,'2026-07-02 06:22:01'),(1388,43,3,4,2,0,'2026-07-02 06:23:01'),(1389,42,1,1,1,0,'2026-07-02 06:23:01'),(1390,43,3,4,2,0,'2026-07-02 06:24:01'),(1391,42,1,1,1,0,'2026-07-02 06:24:01'),(1392,43,3,4,2,0,'2026-07-02 06:25:01'),(1393,42,1,1,1,0,'2026-07-02 06:25:01'),(1394,43,3,4,2,0,'2026-07-02 06:26:01'),(1395,42,1,1,1,0,'2026-07-02 06:26:01'),(1396,42,1,1,1,0,'2026-07-02 06:27:01'),(1397,43,3,4,2,0,'2026-07-02 06:27:01'),(1398,43,3,4,2,0,'2026-07-02 06:28:01'),(1399,42,1,1,1,0,'2026-07-02 06:28:01'),(1400,42,1,1,1,0,'2026-07-02 06:29:01'),(1401,43,3,4,2,0,'2026-07-02 06:29:01'),(1402,43,3,4,2,0,'2026-07-02 06:30:01'),(1403,42,1,1,1,0,'2026-07-02 06:30:01'),(1404,43,3,4,2,0,'2026-07-02 06:31:01'),(1405,42,1,1,1,0,'2026-07-02 06:31:01'),(1406,43,3,4,2,0,'2026-07-02 06:32:01'),(1407,42,1,1,1,0,'2026-07-02 06:32:01'),(1408,43,3,4,2,0,'2026-07-02 06:33:01'),(1409,42,1,1,1,0,'2026-07-02 06:33:01'),(1410,43,3,4,2,0,'2026-07-02 06:34:01'),(1411,42,1,1,1,0,'2026-07-02 06:34:01'),(1412,42,1,1,1,0,'2026-07-02 06:35:01'),(1413,43,3,4,2,0,'2026-07-02 06:35:02'),(1414,43,3,4,2,0,'2026-07-02 06:36:01'),(1415,42,1,1,1,0,'2026-07-02 06:36:01'),(1416,43,3,4,2,0,'2026-07-02 06:37:01'),(1417,42,1,1,1,0,'2026-07-02 06:37:01'),(1418,43,3,4,2,0,'2026-07-02 06:38:01'),(1419,42,1,1,1,0,'2026-07-02 06:38:01'),(1420,42,1,1,1,0,'2026-07-02 06:39:01'),(1421,43,3,4,2,0,'2026-07-02 06:39:01'),(1422,42,1,1,1,0,'2026-07-02 06:40:01'),(1423,43,3,4,2,0,'2026-07-02 06:40:01'),(1424,43,3,4,2,0,'2026-07-02 06:41:01'),(1425,42,1,1,1,0,'2026-07-02 06:41:01'),(1426,42,1,1,1,0,'2026-07-02 06:42:01'),(1427,43,3,4,2,0,'2026-07-02 06:42:02'),(1428,42,1,1,1,0,'2026-07-02 06:43:01'),(1429,43,3,4,2,0,'2026-07-02 06:43:01'),(1430,43,3,4,2,0,'2026-07-02 06:44:01'),(1431,42,1,1,1,0,'2026-07-02 06:44:01'),(1432,42,1,1,1,0,'2026-07-02 06:45:01'),(1433,43,3,4,2,0,'2026-07-02 06:45:02'),(1434,42,1,1,1,0,'2026-07-02 06:46:01'),(1435,43,3,4,2,0,'2026-07-02 06:46:01'),(1436,42,1,1,1,0,'2026-07-02 06:47:01'),(1437,43,3,4,2,0,'2026-07-02 06:47:01'),(1438,43,3,4,2,0,'2026-07-02 06:48:01'),(1439,42,1,1,1,0,'2026-07-02 06:48:01'),(1440,42,1,1,1,0,'2026-07-02 06:49:01'),(1441,43,3,4,2,0,'2026-07-02 06:49:01'),(1442,43,3,4,2,0,'2026-07-02 06:50:01'),(1443,42,1,1,1,0,'2026-07-02 06:50:01'),(1444,43,3,4,2,0,'2026-07-02 06:51:01'),(1445,42,1,1,1,0,'2026-07-02 06:51:01'),(1446,42,1,1,1,0,'2026-07-02 06:52:01'),(1447,43,3,4,2,0,'2026-07-02 06:52:01'),(1448,42,1,1,1,0,'2026-07-02 06:53:01'),(1449,43,3,4,2,0,'2026-07-02 06:53:02'),(1450,42,1,1,1,0,'2026-07-02 06:54:01'),(1451,43,3,4,2,0,'2026-07-02 06:54:03'),(1452,43,3,4,2,0,'2026-07-02 06:55:01'),(1453,42,1,1,1,0,'2026-07-02 06:55:01'),(1454,42,1,1,1,0,'2026-07-02 06:56:01'),(1455,43,3,4,2,0,'2026-07-02 06:56:01'),(1456,43,3,4,2,0,'2026-07-02 06:57:01'),(1457,42,1,1,1,0,'2026-07-02 06:57:01'),(1458,43,3,4,2,0,'2026-07-02 06:58:01'),(1459,42,1,1,1,0,'2026-07-02 06:58:01'),(1460,43,3,4,2,0,'2026-07-02 06:59:01'),(1461,42,1,1,1,0,'2026-07-02 06:59:01'),(1462,43,3,4,2,0,'2026-07-02 07:00:01'),(1463,42,1,1,1,0,'2026-07-02 07:00:01'),(1464,43,3,4,2,0,'2026-07-02 07:01:01'),(1465,42,1,1,1,0,'2026-07-02 07:01:01'),(1466,42,1,1,1,0,'2026-07-02 07:02:01'),(1467,43,3,4,2,0,'2026-07-02 07:02:01'),(1468,43,3,4,2,0,'2026-07-02 07:03:01'),(1469,42,1,1,1,0,'2026-07-02 07:03:02'),(1470,42,1,1,1,0,'2026-07-02 07:04:01'),(1471,43,3,4,2,0,'2026-07-02 07:04:01'),(1472,42,1,1,1,0,'2026-07-02 07:05:01'),(1473,43,3,4,2,0,'2026-07-02 07:05:02'),(1474,43,3,4,2,0,'2026-07-02 07:06:01'),(1475,42,1,1,1,0,'2026-07-02 07:06:01'),(1476,43,3,4,2,0,'2026-07-02 07:07:01'),(1477,42,1,1,1,0,'2026-07-02 07:07:01'),(1478,42,1,1,1,0,'2026-07-02 07:08:01'),(1479,43,3,4,2,0,'2026-07-02 07:08:02'),(1480,42,1,1,1,0,'2026-07-02 07:09:01'),(1481,43,3,4,2,0,'2026-07-02 07:09:02'),(1482,42,1,1,1,0,'2026-07-02 07:10:01'),(1483,43,3,4,2,0,'2026-07-02 07:10:01'),(1484,42,1,1,1,0,'2026-07-02 07:11:01'),(1485,43,3,4,2,0,'2026-07-02 07:11:02'),(1486,43,3,4,2,0,'2026-07-02 07:12:01'),(1487,42,1,1,1,0,'2026-07-02 07:12:01'),(1488,43,3,4,2,0,'2026-07-02 07:13:01'),(1489,42,1,1,1,0,'2026-07-02 07:13:01'),(1490,42,1,1,1,0,'2026-07-02 07:14:01'),(1491,43,3,4,2,0,'2026-07-02 07:14:01'),(1492,43,3,4,2,0,'2026-07-02 07:15:01'),(1493,42,1,1,1,0,'2026-07-02 07:15:01'),(1494,43,3,4,2,0,'2026-07-02 07:16:01'),(1495,42,1,1,1,0,'2026-07-02 07:16:01'),(1496,42,1,1,1,0,'2026-07-02 07:17:01'),(1497,43,3,4,2,0,'2026-07-02 07:17:01'),(1498,42,1,1,1,0,'2026-07-02 07:18:01'),(1499,43,3,4,2,0,'2026-07-02 07:18:01'),(1500,42,1,1,1,0,'2026-07-02 07:19:01'),(1501,43,3,4,2,0,'2026-07-02 07:19:01'),(1502,42,1,1,1,0,'2026-07-02 07:20:01'),(1503,43,3,4,2,0,'2026-07-02 07:20:01'),(1504,42,1,1,1,0,'2026-07-02 07:21:01'),(1505,43,3,4,2,0,'2026-07-02 07:21:02'),(1506,42,1,1,1,0,'2026-07-02 07:22:01'),(1507,43,3,4,2,0,'2026-07-02 07:22:01'),(1508,43,3,4,2,0,'2026-07-02 07:23:12'),(1509,42,1,1,1,0,'2026-07-02 07:23:12'),(1510,42,1,1,1,0,'2026-07-02 07:24:19'),(1511,43,3,4,2,0,'2026-07-02 07:24:28'),(1512,43,3,4,2,0,'2026-07-02 07:25:08'),(1513,42,1,1,1,0,'2026-07-02 07:25:09'),(1514,43,3,4,2,0,'2026-07-02 07:26:06'),(1515,42,1,1,1,0,'2026-07-02 07:26:10'),(1516,43,3,4,2,0,'2026-07-02 07:27:13'),(1517,42,1,1,1,0,'2026-07-02 07:27:14'),(1518,42,1,1,1,0,'2026-07-02 07:28:06'),(1519,43,3,4,2,0,'2026-07-02 07:28:11'),(1520,43,3,4,2,0,'2026-07-02 07:29:19'),(1521,42,1,1,1,0,'2026-07-02 07:29:36'),(1522,42,1,1,1,0,'2026-07-02 07:30:08'),(1523,43,3,4,2,0,'2026-07-02 07:30:15'),(1524,43,3,4,2,0,'2026-07-02 07:31:19'),(1525,42,1,1,1,0,'2026-07-02 07:31:26'),(1526,43,3,4,2,0,'2026-07-02 07:32:06'),(1527,42,1,1,1,0,'2026-07-02 07:32:10'),(1528,42,1,1,1,0,'2026-07-02 07:33:09'),(1529,43,3,4,2,0,'2026-07-02 07:33:17'),(1530,43,3,4,2,0,'2026-07-02 07:34:12'),(1531,42,1,1,1,0,'2026-07-02 07:34:17'),(1532,42,1,1,1,0,'2026-07-02 07:40:08'),(1533,43,3,4,2,0,'2026-07-02 07:40:08'),(1534,42,1,1,1,0,'2026-07-02 07:41:06'),(1535,43,3,4,2,0,'2026-07-02 07:41:30'),(1536,43,3,4,2,0,'2026-07-02 07:42:16'),(1537,42,1,1,1,0,'2026-07-02 07:42:19'),(1538,42,1,1,1,0,'2026-07-02 07:43:06'),(1539,43,3,4,2,0,'2026-07-02 07:43:13'),(1540,43,3,4,2,0,'2026-07-02 07:44:13'),(1541,42,1,1,1,0,'2026-07-02 07:44:28'),(1542,42,1,1,1,0,'2026-07-02 07:45:26'),(1543,43,3,4,2,0,'2026-07-02 07:45:33'),(1544,42,1,1,1,0,'2026-07-02 07:46:11'),(1545,43,3,4,2,0,'2026-07-02 07:46:19'),(1546,43,3,4,2,0,'2026-07-02 07:47:21'),(1547,42,1,1,1,0,'2026-07-02 07:47:23'),(1548,42,1,1,1,0,'2026-07-02 07:48:11'),(1549,43,3,4,2,0,'2026-07-02 07:48:40'),(1550,43,3,4,2,0,'2026-07-02 07:50:24'),(1551,42,1,1,1,0,'2026-07-02 07:50:25'),(1552,42,1,1,1,0,'2026-07-02 07:51:21'),(1553,43,3,4,2,0,'2026-07-02 07:51:39'),(1554,42,1,1,1,0,'2026-07-02 07:52:06'),(1555,43,3,4,2,0,'2026-07-02 07:52:22'),(1556,43,3,4,2,0,'2026-07-02 07:53:24'),(1557,42,1,1,1,0,'2026-07-02 07:53:31'),(1558,42,1,1,1,0,'2026-07-02 07:55:15'),(1559,43,3,4,2,0,'2026-07-02 07:55:15'),(1560,43,3,4,2,0,'2026-07-02 07:56:15'),(1561,42,1,1,1,0,'2026-07-02 07:56:20'),(1562,43,3,4,2,0,'2026-07-02 07:57:14'),(1563,42,1,1,1,0,'2026-07-02 07:57:19'),(1564,43,3,4,2,0,'2026-07-02 07:58:09'),(1565,42,1,1,1,0,'2026-07-02 07:58:20'),(1566,42,1,1,1,0,'2026-07-02 07:59:07'),(1567,43,3,4,2,0,'2026-07-02 07:59:08'),(1568,43,3,4,2,0,'2026-07-02 08:00:10'),(1569,42,1,1,1,0,'2026-07-02 08:00:23'),(1570,42,1,1,1,0,'2026-07-02 08:01:07'),(1571,43,3,4,2,0,'2026-07-02 08:01:13'),(1572,42,1,1,1,0,'2026-07-02 08:02:18'),(1573,43,3,4,2,0,'2026-07-02 08:02:19'),(1574,42,1,1,1,0,'2026-07-02 08:03:14'),(1575,43,3,4,2,0,'2026-07-02 08:03:20'),(1576,42,1,1,1,0,'2026-07-02 08:04:18'),(1577,43,3,4,2,0,'2026-07-02 08:04:19'),(1578,42,1,1,1,0,'2026-07-02 08:05:22'),(1579,43,3,4,2,0,'2026-07-02 08:05:27'),(1580,42,1,1,1,0,'2026-07-02 08:06:31'),(1581,43,3,4,2,0,'2026-07-02 08:06:42'),(1582,42,1,1,1,0,'2026-07-02 08:07:15'),(1583,43,3,4,2,0,'2026-07-02 08:07:24'),(1584,43,3,4,2,0,'2026-07-02 08:08:11'),(1585,42,1,1,1,0,'2026-07-02 08:08:37'),(1586,43,3,4,2,0,'2026-07-02 08:09:17'),(1587,42,1,1,1,0,'2026-07-02 08:09:28'),(1588,43,3,4,2,0,'2026-07-02 08:14:10'),(1589,42,1,1,1,0,'2026-07-02 08:14:19'),(1590,43,3,4,2,0,'2026-07-02 08:15:08'),(1591,42,1,1,1,0,'2026-07-02 08:15:11'),(1592,42,1,1,1,0,'2026-07-02 08:16:08'),(1593,43,3,4,2,0,'2026-07-02 08:16:11'),(1594,43,3,4,2,0,'2026-07-02 08:17:08'),(1595,42,1,1,1,0,'2026-07-02 08:17:08'),(1596,43,3,4,2,0,'2026-07-02 08:18:16'),(1597,42,1,1,1,0,'2026-07-02 08:18:18'),(1598,43,3,4,2,0,'2026-07-02 08:19:09'),(1599,42,1,1,1,0,'2026-07-02 08:19:13'),(1600,43,3,4,2,0,'2026-07-02 08:20:40'),(1601,43,3,4,2,0,'2026-07-02 08:21:20'),(1602,42,1,1,1,0,'2026-07-02 08:21:45'),(1603,43,3,4,2,0,'2026-07-02 08:22:19'),(1604,42,1,1,1,0,'2026-07-02 08:22:20'),(1605,42,1,1,1,0,'2026-07-02 08:23:29'),(1606,43,3,4,2,0,'2026-07-02 08:23:42'),(1607,43,3,4,2,0,'2026-07-02 08:24:10'),(1608,42,1,1,1,0,'2026-07-02 08:24:31'),(1609,43,3,4,2,0,'2026-07-02 08:29:23'),(1610,42,1,1,1,0,'2026-07-02 08:29:24'),(1611,43,3,4,2,0,'2026-07-02 08:30:06'),(1612,42,1,1,1,0,'2026-07-02 08:30:11'),(1613,42,1,1,1,0,'2026-07-02 08:31:01'),(1614,43,3,4,2,0,'2026-07-02 08:31:01'),(1615,42,1,1,1,0,'2026-07-02 08:32:01'),(1616,43,3,4,2,0,'2026-07-02 08:32:01'),(1617,43,3,4,2,0,'2026-07-02 08:33:01'),(1618,42,1,1,1,0,'2026-07-02 08:33:01'),(1619,42,1,1,1,0,'2026-07-02 08:34:01'),(1620,43,3,4,2,0,'2026-07-02 08:34:01'),(1621,43,3,4,2,0,'2026-07-02 08:35:01'),(1622,42,1,1,1,0,'2026-07-02 08:35:01'),(1623,42,1,1,1,0,'2026-07-02 08:36:01'),(1624,43,3,4,2,0,'2026-07-02 08:36:01'),(1625,42,1,1,1,0,'2026-07-02 08:37:01'),(1626,43,3,4,2,0,'2026-07-02 08:37:01'),(1627,42,1,1,1,0,'2026-07-02 08:38:01'),(1628,43,3,4,2,0,'2026-07-02 08:38:01'),(1629,43,3,4,2,0,'2026-07-02 08:39:01'),(1630,42,1,1,1,0,'2026-07-02 08:39:01'),(1631,42,1,1,1,0,'2026-07-02 08:40:01'),(1632,43,3,4,2,0,'2026-07-02 08:40:01'),(1633,42,1,1,1,0,'2026-07-02 08:41:01'),(1634,43,3,4,2,0,'2026-07-02 08:41:01'),(1635,42,1,1,1,0,'2026-07-02 08:42:01'),(1636,43,3,4,2,0,'2026-07-02 08:42:01'),(1637,42,1,1,1,0,'2026-07-02 08:43:01'),(1638,43,3,4,2,0,'2026-07-02 08:43:01'),(1639,43,3,4,2,0,'2026-07-02 08:44:01'),(1640,42,1,1,1,0,'2026-07-02 08:44:01'),(1641,42,1,1,1,0,'2026-07-02 08:45:01'),(1642,43,3,4,2,0,'2026-07-02 08:45:01'),(1643,42,1,1,1,0,'2026-07-02 08:46:01'),(1644,43,3,4,2,0,'2026-07-02 08:46:01'),(1645,43,3,4,2,0,'2026-07-02 08:47:01'),(1646,42,1,1,1,0,'2026-07-02 08:47:02'),(1647,42,1,1,1,0,'2026-07-02 08:48:01'),(1648,43,3,4,2,0,'2026-07-02 08:48:02'),(1649,43,3,4,2,0,'2026-07-02 08:49:01'),(1650,42,1,1,1,0,'2026-07-02 08:49:01'),(1651,43,3,4,2,0,'2026-07-02 08:50:01'),(1652,42,1,1,1,0,'2026-07-02 08:50:01'),(1653,43,3,4,2,0,'2026-07-02 08:51:01'),(1654,42,1,1,1,0,'2026-07-02 08:51:01'),(1655,43,3,4,2,0,'2026-07-02 08:52:01'),(1656,42,1,1,1,0,'2026-07-02 08:52:01'),(1657,43,3,4,2,0,'2026-07-02 08:53:01'),(1658,42,1,1,1,0,'2026-07-02 08:53:01'),(1659,43,3,4,2,0,'2026-07-02 08:54:01'),(1660,42,1,1,1,0,'2026-07-02 08:54:01'),(1661,42,1,1,1,0,'2026-07-02 08:55:01'),(1662,43,3,4,2,0,'2026-07-02 08:55:02'),(1663,42,1,1,1,0,'2026-07-02 08:56:01'),(1664,43,3,4,2,0,'2026-07-02 08:56:01'),(1665,42,1,1,1,0,'2026-07-02 08:57:01'),(1666,43,3,4,2,0,'2026-07-02 08:57:01'),(1667,42,1,1,1,0,'2026-07-02 08:58:01'),(1668,43,3,4,2,0,'2026-07-02 08:58:01'),(1669,43,3,4,2,0,'2026-07-02 08:59:01'),(1670,42,1,1,1,0,'2026-07-02 08:59:01'),(1671,43,3,4,2,0,'2026-07-02 09:00:01'),(1672,42,1,1,1,0,'2026-07-02 09:00:01'),(1673,42,1,1,1,0,'2026-07-02 09:01:01'),(1674,43,3,4,2,0,'2026-07-02 09:01:01'),(1675,43,3,4,2,0,'2026-07-02 09:02:01'),(1676,42,1,1,1,0,'2026-07-02 09:02:01'),(1677,42,1,1,1,0,'2026-07-02 09:03:01'),(1678,43,3,4,2,0,'2026-07-02 09:03:01'),(1679,42,1,1,1,0,'2026-07-02 09:04:01'),(1680,43,3,4,2,0,'2026-07-02 09:04:01'),(1681,42,1,1,1,0,'2026-07-02 09:06:01'),(1682,43,3,4,2,0,'2026-07-02 09:06:01'),(1683,42,1,1,1,0,'2026-07-02 09:07:01'),(1684,43,3,4,2,0,'2026-07-02 09:07:01'),(1685,43,3,4,2,0,'2026-07-02 09:08:01'),(1686,42,1,1,1,0,'2026-07-02 09:08:01'),(1687,43,3,4,2,0,'2026-07-02 09:09:01'),(1688,42,1,1,1,0,'2026-07-02 09:09:01'),(1689,42,1,1,1,0,'2026-07-02 09:10:01'),(1690,43,3,4,2,0,'2026-07-02 09:10:01'),(1691,42,1,1,1,0,'2026-07-02 09:11:01'),(1692,43,3,4,2,0,'2026-07-02 09:11:01'),(1693,43,3,4,2,0,'2026-07-02 09:12:01'),(1694,42,1,1,1,0,'2026-07-02 09:12:01'),(1695,42,1,1,1,0,'2026-07-02 09:13:01'),(1696,43,3,4,2,0,'2026-07-02 09:13:01'),(1697,42,1,1,1,0,'2026-07-02 09:33:01'),(1698,43,3,4,2,0,'2026-07-02 09:33:01'),(1699,42,1,1,1,0,'2026-07-02 09:34:01'),(1700,43,3,4,2,0,'2026-07-02 09:34:01'),(1701,42,1,1,1,0,'2026-07-02 09:35:01'),(1702,43,3,4,2,0,'2026-07-02 09:35:01'),(1703,43,3,4,2,0,'2026-07-02 09:36:01'),(1704,42,1,1,1,0,'2026-07-02 09:36:01'),(1705,42,1,1,1,0,'2026-07-02 09:37:01'),(1706,43,3,4,2,0,'2026-07-02 09:37:01'),(1707,42,1,1,1,0,'2026-07-02 09:38:01'),(1708,43,3,4,2,0,'2026-07-02 09:38:01'),(1709,43,3,4,2,0,'2026-07-02 09:39:01'),(1710,42,1,1,1,0,'2026-07-02 09:39:01'),(1711,43,3,4,2,0,'2026-07-02 09:40:01'),(1712,42,1,1,1,0,'2026-07-02 09:40:01'),(1713,42,1,1,1,0,'2026-07-02 09:41:01'),(1714,43,3,4,2,0,'2026-07-02 09:41:01'),(1715,42,1,1,1,0,'2026-07-02 09:42:01'),(1716,43,3,4,2,0,'2026-07-02 09:42:01'),(1717,42,1,1,1,0,'2026-07-02 09:43:01'),(1718,43,3,4,2,0,'2026-07-02 09:43:01'),(1720,43,3,4,2,0,'2026-07-02 09:44:01'),(1721,42,1,1,1,0,'2026-07-02 09:44:01'),(1723,42,1,1,1,0,'2026-07-02 09:45:01'),(1724,43,3,4,2,0,'2026-07-02 09:45:02'),(1726,43,3,4,2,0,'2026-07-02 09:46:01'),(1727,42,1,1,1,0,'2026-07-02 09:46:01'),(1729,42,1,1,1,0,'2026-07-02 09:47:01'),(1730,43,3,4,2,0,'2026-07-02 09:47:01'),(1732,42,1,1,1,0,'2026-07-02 09:48:01'),(1733,43,3,4,2,0,'2026-07-02 09:48:01'),(1735,42,1,1,1,0,'2026-07-02 09:49:01'),(1736,43,3,4,2,0,'2026-07-02 09:49:01'),(1738,43,3,4,2,0,'2026-07-02 09:50:01'),(1739,42,1,1,1,0,'2026-07-02 09:50:01'),(1741,42,1,1,1,0,'2026-07-02 09:51:01'),(1742,43,3,4,2,0,'2026-07-02 09:51:02'),(1744,42,1,1,1,0,'2026-07-02 09:52:01'),(1745,43,3,4,2,0,'2026-07-02 09:52:01'),(1747,43,3,4,2,0,'2026-07-02 09:53:01'),(1748,42,1,1,1,0,'2026-07-02 09:53:01'),(1750,42,1,1,1,0,'2026-07-02 09:54:01'),(1751,43,3,4,2,0,'2026-07-02 09:54:01'),(1753,42,1,1,1,0,'2026-07-02 09:55:01'),(1754,43,3,4,2,0,'2026-07-02 09:55:01'),(1756,42,1,1,1,0,'2026-07-02 09:56:01'),(1757,43,3,4,2,0,'2026-07-02 09:56:01'),(1759,43,3,4,2,0,'2026-07-02 09:57:01'),(1760,42,1,1,1,0,'2026-07-02 09:57:01'),(1762,42,1,1,1,0,'2026-07-02 09:58:01'),(1763,43,3,4,2,0,'2026-07-02 09:58:01'),(1765,43,3,4,2,0,'2026-07-02 09:59:01'),(1766,42,1,1,1,0,'2026-07-02 09:59:01'),(1768,42,1,1,1,0,'2026-07-02 10:00:01'),(1769,43,3,4,2,0,'2026-07-02 10:00:01'),(1771,42,1,1,1,0,'2026-07-02 10:01:01'),(1772,43,3,4,2,0,'2026-07-02 10:01:01'),(1774,43,3,4,2,0,'2026-07-02 10:02:01'),(1775,42,1,1,1,0,'2026-07-02 10:02:01'),(1777,42,1,1,1,0,'2026-07-02 10:03:01'),(1778,43,3,4,2,0,'2026-07-02 10:03:01'),(1780,43,3,4,2,0,'2026-07-02 10:04:01'),(1781,42,1,1,1,0,'2026-07-02 10:04:01'),(1783,43,3,4,2,0,'2026-07-02 10:05:01'),(1784,42,1,1,1,0,'2026-07-02 10:05:01'),(1786,42,1,1,1,0,'2026-07-02 10:06:01'),(1787,43,3,4,2,0,'2026-07-02 10:06:01'),(1789,43,3,4,2,0,'2026-07-02 10:07:01'),(1790,42,1,1,1,0,'2026-07-02 10:07:01'),(1792,42,1,1,1,0,'2026-07-02 10:08:01'),(1793,43,3,4,2,0,'2026-07-02 10:08:01'),(1795,43,3,4,2,0,'2026-07-02 10:09:01'),(1796,42,1,1,1,0,'2026-07-02 10:09:01'),(1798,42,1,1,1,0,'2026-07-02 10:10:01'),(1799,43,3,4,2,0,'2026-07-02 10:10:01'),(1801,43,3,4,2,0,'2026-07-02 10:11:01'),(1802,42,1,1,1,0,'2026-07-02 10:11:01'),(1804,43,3,4,2,0,'2026-07-02 10:12:01'),(1805,42,1,1,1,0,'2026-07-02 10:12:01'),(1807,42,1,1,1,0,'2026-07-02 10:13:01'),(1808,43,3,4,2,0,'2026-07-02 10:13:01'),(1809,43,3,4,2,0,'2026-07-02 10:14:01'),(1810,42,1,1,1,0,'2026-07-02 10:14:01'),(1811,43,3,4,2,0,'2026-07-02 10:15:01'),(1812,42,1,1,1,0,'2026-07-02 10:15:01'),(1813,42,1,1,1,0,'2026-07-02 10:16:01'),(1814,43,3,4,2,0,'2026-07-02 10:16:01'),(1815,43,3,4,2,0,'2026-07-02 10:17:01'),(1816,42,1,1,1,0,'2026-07-02 10:17:02'),(1817,42,1,1,1,0,'2026-07-02 10:18:01'),(1818,43,3,4,2,0,'2026-07-02 10:18:01'),(1819,42,1,1,1,0,'2026-07-02 10:19:01'),(1820,43,3,4,2,0,'2026-07-02 10:19:01'),(1821,42,1,1,1,0,'2026-07-02 10:20:01'),(1822,43,3,4,2,0,'2026-07-02 10:20:01'),(1823,42,1,1,1,0,'2026-07-02 10:21:01'),(1824,43,3,4,2,0,'2026-07-02 10:21:01'),(1825,42,1,1,1,0,'2026-07-02 10:22:01'),(1826,43,3,4,2,0,'2026-07-02 10:22:01'),(1828,42,1,1,1,0,'2026-07-02 10:23:01'),(1829,43,3,4,2,0,'2026-07-02 10:23:01'),(1831,42,1,1,1,0,'2026-07-02 10:24:01'),(1832,43,3,4,2,0,'2026-07-02 10:24:01'),(1835,43,3,4,2,0,'2026-07-02 10:36:01'),(1836,42,1,1,1,0,'2026-07-02 10:36:01'),(1838,43,3,4,2,0,'2026-07-02 10:37:01'),(1839,42,1,1,1,0,'2026-07-02 10:37:01'),(1841,43,3,4,2,0,'2026-07-02 10:38:01'),(1842,42,1,1,1,0,'2026-07-02 10:38:01'),(1844,42,1,1,1,0,'2026-07-02 10:39:01'),(1845,43,3,4,2,0,'2026-07-02 10:39:02'),(1847,42,1,1,1,0,'2026-07-02 10:40:01'),(1848,43,3,4,2,0,'2026-07-02 10:40:01'),(1850,43,3,4,2,0,'2026-07-02 10:41:01'),(1851,42,1,1,1,0,'2026-07-02 10:41:01'),(1853,42,1,1,1,0,'2026-07-02 10:42:01'),(1854,43,3,4,2,0,'2026-07-02 10:42:01'),(1856,42,1,1,1,0,'2026-07-02 10:43:01'),(1857,43,3,4,2,0,'2026-07-02 10:43:01'),(1859,42,1,1,1,0,'2026-07-02 10:44:01'),(1860,43,3,4,2,0,'2026-07-02 10:44:01'),(1862,42,1,1,1,0,'2026-07-02 10:45:01'),(1863,43,3,4,2,0,'2026-07-02 10:45:01'),(1865,43,3,4,2,0,'2026-07-02 10:46:01'),(1866,42,1,1,1,0,'2026-07-02 10:46:01'),(1868,42,1,1,1,0,'2026-07-02 10:47:01'),(1869,43,3,4,2,0,'2026-07-02 10:47:01'),(1871,43,3,4,2,0,'2026-07-02 10:48:01'),(1872,42,1,1,1,0,'2026-07-02 10:48:01'),(1874,42,1,1,1,0,'2026-07-02 10:49:01'),(1875,43,3,4,2,0,'2026-07-02 10:49:01'),(1877,42,1,1,1,0,'2026-07-02 10:50:01'),(1878,43,3,4,2,0,'2026-07-02 10:50:01'),(1880,42,1,1,1,0,'2026-07-02 10:51:01'),(1881,43,3,4,2,0,'2026-07-02 10:51:01'),(1883,42,1,1,1,0,'2026-07-02 10:52:01'),(1884,43,3,4,2,0,'2026-07-02 10:52:01'),(1885,42,1,1,1,0,'2026-07-03 02:26:01'),(1886,43,3,4,2,0,'2026-07-03 02:26:02'),(1888,43,3,4,2,0,'2026-07-03 02:27:01'),(1889,42,1,1,1,0,'2026-07-03 02:27:01'),(1891,42,1,1,1,0,'2026-07-03 02:28:01'),(1892,43,3,4,2,0,'2026-07-03 02:28:02'),(1894,42,1,1,1,0,'2026-07-03 02:29:01'),(1895,43,3,4,2,0,'2026-07-03 02:29:01'),(1897,42,1,1,1,0,'2026-07-03 02:30:01'),(1898,43,3,4,2,0,'2026-07-03 02:30:01'),(1900,42,1,1,1,0,'2026-07-03 02:31:01'),(1901,43,3,4,2,0,'2026-07-03 02:31:01'),(1903,43,3,4,2,0,'2026-07-03 02:32:01'),(1904,42,1,1,1,0,'2026-07-03 02:32:01'),(1906,42,1,1,1,0,'2026-07-03 02:33:01'),(1907,43,3,4,2,0,'2026-07-03 02:33:01'),(1909,43,3,4,2,0,'2026-07-03 02:34:01'),(1910,42,1,1,1,0,'2026-07-03 02:34:01'),(1912,42,1,1,1,0,'2026-07-03 02:35:00'),(1913,43,3,4,2,0,'2026-07-03 02:35:01'),(1915,42,1,1,1,0,'2026-07-03 02:36:01'),(1916,43,3,4,2,0,'2026-07-03 02:36:01'),(1918,42,1,1,1,0,'2026-07-03 02:37:01'),(1919,43,3,4,2,0,'2026-07-03 02:37:01'),(1921,42,1,1,1,0,'2026-07-03 02:38:01'),(1922,43,3,4,2,0,'2026-07-03 02:38:01'),(1924,42,1,1,1,0,'2026-07-03 02:39:01'),(1925,43,3,4,2,0,'2026-07-03 02:39:01'),(1927,43,3,4,2,0,'2026-07-03 02:40:01'),(1928,42,1,1,1,0,'2026-07-03 02:40:01'),(1930,42,1,1,1,0,'2026-07-03 02:41:01'),(1931,43,3,4,2,0,'2026-07-03 02:41:01'),(1933,42,1,1,1,0,'2026-07-03 02:42:01'),(1934,43,3,4,2,0,'2026-07-03 02:42:01'),(1936,43,3,4,2,0,'2026-07-03 02:43:01'),(1937,42,1,1,1,0,'2026-07-03 02:43:01'),(1939,43,3,4,2,0,'2026-07-03 02:44:01'),(1940,42,1,1,1,0,'2026-07-03 02:44:01'),(1942,42,1,1,1,0,'2026-07-03 02:45:01'),(1943,43,3,4,2,0,'2026-07-03 02:45:01'),(1945,42,1,1,1,0,'2026-07-03 02:46:01'),(1946,43,3,4,2,0,'2026-07-03 02:46:01'),(1948,42,1,1,1,0,'2026-07-03 02:47:01'),(1949,43,3,4,2,0,'2026-07-03 02:47:01'),(1951,42,1,1,1,0,'2026-07-03 02:48:01'),(1952,43,3,4,2,0,'2026-07-03 02:48:01'),(1954,43,3,4,2,0,'2026-07-03 02:49:01'),(1955,42,1,1,1,0,'2026-07-03 02:49:01'),(1957,42,1,1,1,0,'2026-07-03 02:50:01'),(1958,43,3,4,2,0,'2026-07-03 02:50:01'),(1960,42,1,1,1,0,'2026-07-03 02:51:01'),(1961,43,3,4,2,0,'2026-07-03 02:51:01'),(1963,42,1,1,1,0,'2026-07-03 02:52:01'),(1964,43,3,4,2,0,'2026-07-03 02:52:01'),(1966,42,1,1,1,0,'2026-07-03 02:53:01'),(1967,43,3,4,2,0,'2026-07-03 02:53:01'),(1969,42,1,1,1,0,'2026-07-03 02:54:01'),(1970,43,3,4,2,0,'2026-07-03 02:54:01'),(1972,42,1,1,1,0,'2026-07-03 02:55:01'),(1973,43,3,4,2,0,'2026-07-03 02:55:01'),(1975,42,1,1,1,0,'2026-07-03 02:56:01'),(1976,43,3,4,2,0,'2026-07-03 02:56:01'),(1978,43,3,4,2,0,'2026-07-03 02:57:01'),(1979,42,1,1,1,0,'2026-07-03 02:57:01'),(1981,42,1,1,1,0,'2026-07-03 02:58:01'),(1982,43,3,4,2,0,'2026-07-03 02:58:01'),(1984,42,1,1,1,0,'2026-07-03 02:59:01'),(1985,43,3,4,2,0,'2026-07-03 02:59:01'),(1987,42,1,1,1,0,'2026-07-03 03:00:01'),(1988,43,3,4,2,0,'2026-07-03 03:00:01'),(1990,42,1,1,1,0,'2026-07-03 03:01:01'),(1991,43,3,4,2,0,'2026-07-03 03:01:01'),(1993,42,1,1,1,0,'2026-07-03 03:02:01'),(1994,43,3,4,2,0,'2026-07-03 03:02:01'),(1996,42,1,1,1,0,'2026-07-03 03:03:01'),(1997,43,3,4,2,0,'2026-07-03 03:03:02'),(1999,43,3,4,2,0,'2026-07-03 03:04:01'),(2000,42,1,1,1,0,'2026-07-03 03:04:01'),(2002,42,1,1,1,0,'2026-07-03 03:05:01'),(2003,43,3,4,2,0,'2026-07-03 03:05:01'),(2005,42,1,1,1,0,'2026-07-03 03:06:01'),(2006,43,3,4,2,0,'2026-07-03 03:06:01'),(2008,42,1,1,1,0,'2026-07-03 03:07:01'),(2009,43,3,4,2,0,'2026-07-03 03:07:01'),(2011,42,1,1,1,0,'2026-07-03 03:08:01'),(2012,43,3,4,2,0,'2026-07-03 03:08:02'),(2014,42,1,1,1,0,'2026-07-03 03:09:01'),(2015,43,3,4,2,0,'2026-07-03 03:09:01'),(2017,43,3,4,2,0,'2026-07-03 03:10:01'),(2018,42,1,1,1,0,'2026-07-03 03:10:01'),(2020,42,1,1,1,0,'2026-07-03 03:11:01'),(2021,43,3,4,2,0,'2026-07-03 03:11:01'),(2023,43,3,4,2,0,'2026-07-03 03:12:01'),(2024,42,1,1,1,0,'2026-07-03 03:12:01'),(2026,42,1,1,1,0,'2026-07-03 03:13:01'),(2027,43,3,4,2,0,'2026-07-03 03:13:01'),(2029,42,1,1,1,0,'2026-07-03 03:33:01'),(2030,43,3,4,2,0,'2026-07-03 03:33:01'),(2032,42,1,1,1,0,'2026-07-03 03:34:01'),(2033,43,3,4,2,0,'2026-07-03 03:34:01'),(2035,42,1,1,1,0,'2026-07-03 03:35:01'),(2036,43,3,4,2,0,'2026-07-03 03:35:01'),(2038,42,1,1,1,0,'2026-07-03 03:36:01'),(2039,43,3,4,2,0,'2026-07-03 03:36:01'),(2041,42,1,1,1,0,'2026-07-03 03:37:01'),(2042,43,3,4,2,0,'2026-07-03 03:37:01'),(2044,42,1,1,1,0,'2026-07-03 03:38:01'),(2045,43,3,4,2,0,'2026-07-03 03:38:02'),(2047,42,1,1,1,0,'2026-07-03 03:39:01'),(2048,43,3,4,2,0,'2026-07-03 03:39:01'),(2050,42,1,1,1,0,'2026-07-03 03:40:01'),(2051,43,3,4,2,0,'2026-07-03 03:40:01'),(2053,43,3,4,2,0,'2026-07-03 03:41:01'),(2054,42,1,1,1,0,'2026-07-03 03:41:01'),(2056,42,1,1,1,0,'2026-07-03 03:42:01'),(2057,43,3,4,2,0,'2026-07-03 03:42:01'),(2059,43,3,4,2,0,'2026-07-03 03:43:01'),(2060,42,1,1,1,0,'2026-07-03 03:43:01'),(2062,42,1,1,1,0,'2026-07-03 03:44:01'),(2063,43,3,4,2,0,'2026-07-03 03:44:01'),(2064,42,1,1,1,NULL,'2026-07-03 06:00:03'),(2065,43,3,4,2,NULL,'2026-07-03 06:00:03'),(2066,42,1,1,1,NULL,'2026-07-03 06:01:01'),(2067,43,3,4,2,NULL,'2026-07-03 06:01:01'),(2068,42,1,1,1,NULL,'2026-07-03 06:02:01'),(2069,43,3,4,2,NULL,'2026-07-03 06:02:01'),(2070,43,3,4,2,NULL,'2026-07-03 06:03:01'),(2071,42,1,1,1,NULL,'2026-07-03 06:03:01'),(2072,42,1,1,1,NULL,'2026-07-03 06:04:01'),(2073,43,3,4,2,NULL,'2026-07-03 06:04:01'),(2074,43,3,4,2,NULL,'2026-07-03 06:05:01'),(2075,42,1,1,1,NULL,'2026-07-03 06:05:01'),(2076,42,1,1,1,NULL,'2026-07-03 06:06:01'),(2077,43,3,4,2,NULL,'2026-07-03 06:06:01'),(2078,42,1,1,1,NULL,'2026-07-03 06:07:01'),(2079,43,3,4,2,NULL,'2026-07-03 06:07:01'),(2080,42,1,1,1,NULL,'2026-07-03 06:08:01'),(2081,43,3,4,2,NULL,'2026-07-03 06:08:01'),(2082,43,3,4,2,NULL,'2026-07-03 06:09:01'),(2083,42,1,1,1,NULL,'2026-07-03 06:09:02'),(2084,43,3,4,2,NULL,'2026-07-03 06:10:01'),(2085,42,1,1,1,NULL,'2026-07-03 06:10:01'),(2086,43,3,4,2,NULL,'2026-07-03 06:11:02'),(2087,42,1,1,1,NULL,'2026-07-03 06:11:02'),(2088,42,1,1,1,NULL,'2026-07-03 06:12:01'),(2089,43,3,4,2,NULL,'2026-07-03 06:12:02'),(2090,42,1,1,1,NULL,'2026-07-03 06:13:01'),(2091,43,3,4,2,NULL,'2026-07-03 06:13:01'),(2092,42,1,1,1,NULL,'2026-07-03 06:14:01'),(2093,43,3,4,2,NULL,'2026-07-03 06:14:01'),(2094,43,3,4,2,NULL,'2026-07-03 06:15:04'),(2095,42,1,1,1,NULL,'2026-07-03 06:15:04'),(2096,42,1,1,1,NULL,'2026-07-03 06:16:01'),(2097,43,3,4,2,NULL,'2026-07-03 06:16:02'),(2098,42,1,1,1,NULL,'2026-07-03 06:17:01'),(2099,43,3,4,2,NULL,'2026-07-03 06:17:01'),(2100,42,1,1,1,NULL,'2026-07-03 06:18:01'),(2101,43,3,4,2,NULL,'2026-07-03 06:18:01'),(2102,42,1,1,1,NULL,'2026-07-03 06:19:01'),(2103,43,3,4,2,NULL,'2026-07-03 06:19:01'),(2104,42,1,1,1,NULL,'2026-07-03 06:20:01'),(2105,43,3,4,2,NULL,'2026-07-03 06:20:01'),(2106,43,3,4,2,NULL,'2026-07-03 06:21:01'),(2107,42,1,1,1,NULL,'2026-07-03 06:21:01'),(2108,43,3,4,2,NULL,'2026-07-03 06:22:01'),(2109,42,1,1,1,NULL,'2026-07-03 06:22:01'),(2110,43,3,4,2,NULL,'2026-07-03 06:23:01'),(2111,42,1,1,1,NULL,'2026-07-03 06:23:01'),(2112,42,1,1,1,NULL,'2026-07-03 06:24:01'),(2113,43,3,4,2,NULL,'2026-07-03 06:24:01'),(2114,42,1,1,1,NULL,'2026-07-03 06:25:01'),(2115,43,3,4,2,NULL,'2026-07-03 06:25:01'),(2116,43,3,4,2,NULL,'2026-07-03 06:26:01'),(2117,42,1,1,1,NULL,'2026-07-03 06:26:01'),(2118,42,1,1,1,NULL,'2026-07-03 06:27:01'),(2119,43,3,4,2,NULL,'2026-07-03 06:27:01'),(2120,43,3,4,2,NULL,'2026-07-03 06:28:01'),(2121,42,1,1,1,NULL,'2026-07-03 06:28:01'),(2122,42,1,1,1,NULL,'2026-07-03 06:29:01'),(2123,43,3,4,2,NULL,'2026-07-03 06:29:01'),(2124,42,1,1,1,NULL,'2026-07-03 06:30:01'),(2125,43,3,4,2,NULL,'2026-07-03 06:30:01'),(2126,43,3,4,2,NULL,'2026-07-03 06:31:01'),(2127,42,1,1,1,NULL,'2026-07-03 06:31:01'),(2128,43,3,4,2,NULL,'2026-07-03 06:32:01'),(2129,42,1,1,1,NULL,'2026-07-03 06:32:01'),(2130,43,3,4,2,NULL,'2026-07-03 06:33:01'),(2131,42,1,1,1,NULL,'2026-07-03 06:33:01'),(2132,42,1,1,1,NULL,'2026-07-03 06:34:01'),(2133,43,3,4,2,NULL,'2026-07-03 06:34:01'),(2134,42,1,1,1,NULL,'2026-07-03 06:35:01'),(2135,43,3,4,2,NULL,'2026-07-03 06:35:01'),(2136,42,1,1,1,NULL,'2026-07-03 06:36:01'),(2137,43,3,4,2,NULL,'2026-07-03 06:36:01'),(2138,43,3,4,2,NULL,'2026-07-03 06:37:01'),(2139,42,1,1,1,NULL,'2026-07-03 06:37:01'),(2140,43,3,4,2,NULL,'2026-07-03 06:38:01'),(2141,42,1,1,1,NULL,'2026-07-03 06:38:01'),(2142,42,1,1,1,NULL,'2026-07-03 06:39:01'),(2143,43,3,4,2,NULL,'2026-07-03 06:39:01'),(2144,43,3,4,2,NULL,'2026-07-03 06:40:01'),(2145,42,1,1,1,NULL,'2026-07-03 06:40:01'),(2146,43,3,4,2,NULL,'2026-07-03 06:41:01'),(2147,42,1,1,1,NULL,'2026-07-03 06:41:01'),(2148,43,3,4,2,NULL,'2026-07-03 06:42:01'),(2149,42,1,1,1,NULL,'2026-07-03 06:42:01'),(2150,42,1,1,1,NULL,'2026-07-03 06:43:01'),(2151,43,3,4,2,NULL,'2026-07-03 06:43:01'),(2152,43,3,4,2,NULL,'2026-07-03 06:44:01'),(2153,42,1,1,1,NULL,'2026-07-03 06:44:01'),(2154,42,1,1,1,NULL,'2026-07-03 07:15:01'),(2155,43,3,4,2,NULL,'2026-07-03 07:15:01'),(2156,42,1,1,1,NULL,'2026-07-03 07:31:02'),(2157,43,3,4,2,NULL,'2026-07-03 07:31:02'),(2158,42,1,1,1,NULL,'2026-07-03 07:51:02'),(2159,43,3,4,2,NULL,'2026-07-03 07:51:02'),(2160,43,3,4,2,NULL,'2026-07-03 07:52:01'),(2161,42,1,1,1,NULL,'2026-07-03 07:52:01'),(2162,42,1,1,1,NULL,'2026-07-03 07:53:01'),(2163,43,3,4,2,NULL,'2026-07-03 07:53:01'),(2164,43,3,4,2,NULL,'2026-07-03 07:54:01'),(2165,42,1,1,1,NULL,'2026-07-03 07:54:01'),(2166,42,1,1,1,NULL,'2026-07-03 07:55:01'),(2167,43,3,4,2,NULL,'2026-07-03 07:55:01'),(2168,43,3,4,2,NULL,'2026-07-03 07:56:01'),(2169,42,1,1,1,NULL,'2026-07-03 07:56:01'),(2170,42,1,1,1,NULL,'2026-07-03 07:57:01'),(2171,43,3,4,2,NULL,'2026-07-03 07:57:01'),(2172,42,1,1,1,NULL,'2026-07-03 07:58:01'),(2173,43,3,4,2,NULL,'2026-07-03 07:58:01'),(2175,42,1,1,1,NULL,'2026-07-03 07:59:01'),(2176,43,3,4,2,NULL,'2026-07-03 07:59:01'),(2178,43,3,4,2,NULL,'2026-07-03 08:00:01'),(2179,42,1,1,1,NULL,'2026-07-03 08:00:01'),(2181,42,1,1,1,NULL,'2026-07-03 08:01:01'),(2182,43,3,4,2,NULL,'2026-07-03 08:01:01'),(2184,42,1,1,1,NULL,'2026-07-03 08:02:01'),(2185,43,3,4,2,NULL,'2026-07-03 08:02:01'),(2187,43,3,4,2,NULL,'2026-07-03 08:03:01'),(2188,42,1,1,1,NULL,'2026-07-03 08:03:01'),(2190,43,3,4,2,NULL,'2026-07-03 08:04:01'),(2191,42,1,1,1,NULL,'2026-07-03 08:04:01'),(2193,43,3,4,2,NULL,'2026-07-03 08:05:01'),(2194,42,1,1,1,NULL,'2026-07-03 08:05:01'),(2196,42,1,1,1,NULL,'2026-07-03 08:06:01'),(2197,43,3,4,2,NULL,'2026-07-03 08:06:01'),(2199,43,3,4,2,NULL,'2026-07-03 08:07:01'),(2200,42,1,1,1,NULL,'2026-07-03 08:07:01'),(2202,42,1,1,1,NULL,'2026-07-03 08:08:01'),(2203,43,3,4,2,NULL,'2026-07-03 08:08:01'),(2205,42,1,1,1,NULL,'2026-07-03 08:09:01'),(2206,43,3,4,2,NULL,'2026-07-03 08:09:01'),(2208,42,1,1,1,NULL,'2026-07-03 08:10:01'),(2209,43,3,4,2,NULL,'2026-07-03 08:10:01'),(2211,42,1,1,1,NULL,'2026-07-03 08:11:01'),(2212,43,3,4,2,NULL,'2026-07-03 08:11:01'),(2214,42,1,1,1,NULL,'2026-07-03 08:12:01'),(2215,43,3,4,2,NULL,'2026-07-03 08:12:01'),(2217,42,1,1,1,NULL,'2026-07-03 08:13:01'),(2218,43,3,4,2,NULL,'2026-07-03 08:13:01'),(2220,42,1,1,1,NULL,'2026-07-03 08:14:01'),(2221,43,3,4,2,NULL,'2026-07-03 08:14:01'),(2223,42,1,1,1,NULL,'2026-07-03 08:15:01'),(2224,43,3,4,2,NULL,'2026-07-03 08:15:01'),(2226,42,1,1,1,NULL,'2026-07-03 08:16:01'),(2227,43,3,4,2,NULL,'2026-07-03 08:16:01'),(2229,42,1,1,1,NULL,'2026-07-03 08:17:01'),(2230,43,3,4,2,NULL,'2026-07-03 08:17:01'),(2232,42,1,1,1,NULL,'2026-07-03 08:18:01'),(2233,43,3,4,2,NULL,'2026-07-03 08:18:01'),(2235,42,1,1,1,NULL,'2026-07-03 08:19:01'),(2236,43,3,4,2,NULL,'2026-07-03 08:19:01'),(2238,42,1,1,1,NULL,'2026-07-03 08:20:01'),(2239,43,3,4,2,NULL,'2026-07-03 08:20:01'),(2241,42,1,1,1,NULL,'2026-07-03 08:21:01'),(2242,43,3,4,2,NULL,'2026-07-03 08:21:01'),(2244,43,3,4,2,NULL,'2026-07-03 08:22:01'),(2245,42,1,1,1,NULL,'2026-07-03 08:22:01'),(2247,43,3,4,2,NULL,'2026-07-03 08:23:01'),(2248,42,1,1,1,NULL,'2026-07-03 08:23:01'),(2250,43,3,4,2,NULL,'2026-07-03 08:24:01'),(2251,42,1,1,1,NULL,'2026-07-03 08:24:01'),(2253,42,1,1,1,NULL,'2026-07-03 08:25:01'),(2254,43,3,4,2,NULL,'2026-07-03 08:25:01'),(2256,42,1,1,1,NULL,'2026-07-03 08:26:01'),(2257,43,3,4,2,NULL,'2026-07-03 08:26:01'),(2259,42,1,1,1,NULL,'2026-07-03 08:27:01'),(2260,43,3,4,2,NULL,'2026-07-03 08:27:01'),(2261,42,1,1,1,NULL,'2026-07-03 08:28:01'),(2262,43,3,4,2,NULL,'2026-07-03 08:28:01'),(2263,54,1,NULL,NULL,NULL,'2026-07-03 08:29:00'),(2264,43,3,4,2,NULL,'2026-07-03 08:29:01'),(2265,42,1,1,1,NULL,'2026-07-03 08:29:01'),(2266,54,1,NULL,NULL,NULL,'2026-07-03 08:30:00'),(2267,42,1,1,1,NULL,'2026-07-03 08:30:01'),(2268,43,3,4,2,NULL,'2026-07-03 08:30:01'),(2269,54,1,NULL,NULL,NULL,'2026-07-03 08:31:00'),(2270,42,1,1,1,NULL,'2026-07-03 08:31:01'),(2271,43,3,4,2,NULL,'2026-07-03 08:31:02'),(2272,54,1,NULL,NULL,NULL,'2026-07-03 08:32:00'),(2273,43,3,4,2,NULL,'2026-07-03 08:32:01'),(2274,42,1,1,1,NULL,'2026-07-03 08:32:01'),(2275,54,1,NULL,NULL,NULL,'2026-07-03 08:33:00'),(2276,43,3,4,2,NULL,'2026-07-03 08:33:01'),(2277,42,1,1,1,NULL,'2026-07-03 08:33:01'),(2278,54,1,NULL,NULL,NULL,'2026-07-03 08:34:00'),(2279,42,1,1,1,NULL,'2026-07-03 08:34:01'),(2280,43,3,4,2,NULL,'2026-07-03 08:34:01'),(2281,54,1,NULL,NULL,NULL,'2026-07-03 08:35:00'),(2282,42,1,1,1,NULL,'2026-07-03 08:35:00'),(2283,43,3,4,2,NULL,'2026-07-03 08:35:01'),(2284,54,1,NULL,NULL,NULL,'2026-07-03 08:36:00'),(2285,42,1,1,1,NULL,'2026-07-03 08:36:01'),(2286,43,3,4,2,NULL,'2026-07-03 08:36:01'),(2287,54,1,NULL,NULL,NULL,'2026-07-03 08:37:00'),(2288,43,3,4,2,NULL,'2026-07-03 08:37:01'),(2289,42,1,1,1,NULL,'2026-07-03 08:37:01'),(2290,54,1,NULL,NULL,NULL,'2026-07-03 08:38:00'),(2291,43,3,4,2,NULL,'2026-07-03 08:38:01'),(2292,42,1,1,1,NULL,'2026-07-03 08:38:01'),(2293,54,1,NULL,NULL,NULL,'2026-07-03 08:39:00'),(2294,43,3,4,2,NULL,'2026-07-03 08:39:01'),(2295,42,1,1,1,NULL,'2026-07-03 08:39:01'),(2296,54,1,NULL,NULL,NULL,'2026-07-03 08:40:00'),(2297,42,1,1,1,NULL,'2026-07-03 08:40:01'),(2298,43,3,4,2,NULL,'2026-07-03 08:40:01'),(2299,54,1,NULL,NULL,NULL,'2026-07-03 08:41:00'),(2300,42,1,1,1,NULL,'2026-07-03 08:41:01'),(2301,43,3,4,2,NULL,'2026-07-03 08:41:01'),(2302,54,1,NULL,NULL,NULL,'2026-07-03 08:42:00'),(2303,42,1,1,1,NULL,'2026-07-03 08:42:01'),(2304,43,3,4,2,NULL,'2026-07-03 08:42:01'),(2305,54,1,NULL,NULL,NULL,'2026-07-03 08:43:00'),(2306,42,1,1,1,NULL,'2026-07-03 08:43:01'),(2307,43,3,4,2,NULL,'2026-07-03 08:43:01'),(2308,54,1,NULL,NULL,NULL,'2026-07-03 08:44:00'),(2309,42,1,1,1,NULL,'2026-07-03 08:44:01'),(2310,43,3,4,2,NULL,'2026-07-03 08:44:01'),(2311,54,1,NULL,NULL,NULL,'2026-07-03 08:45:00'),(2312,42,1,1,1,NULL,'2026-07-03 08:45:00'),(2313,43,3,4,2,NULL,'2026-07-03 08:45:01'),(2314,43,3,4,2,NULL,'2026-07-03 08:46:01'),(2315,42,1,1,1,NULL,'2026-07-03 08:46:01'),(2316,42,1,1,1,NULL,'2026-07-03 08:47:01'),(2317,43,3,4,2,NULL,'2026-07-03 08:47:01'),(2318,42,1,1,1,NULL,'2026-07-03 08:48:01'),(2319,43,3,4,2,NULL,'2026-07-03 08:48:01'),(2320,43,3,4,2,NULL,'2026-07-03 08:49:01'),(2321,42,1,1,1,NULL,'2026-07-03 08:49:01'),(2322,42,1,1,1,NULL,'2026-07-03 08:50:01'),(2323,43,3,4,2,NULL,'2026-07-03 08:50:01'),(2324,42,1,1,1,NULL,'2026-07-03 08:51:01'),(2325,43,3,4,2,NULL,'2026-07-03 08:51:01'),(2326,43,3,4,2,NULL,'2026-07-03 08:52:01'),(2327,42,1,1,1,NULL,'2026-07-03 08:52:01'),(2328,42,1,1,1,NULL,'2026-07-03 08:53:01'),(2329,43,3,4,2,NULL,'2026-07-03 08:53:01'),(2330,42,1,1,1,NULL,'2026-07-03 08:54:01'),(2331,43,3,4,2,NULL,'2026-07-03 08:54:01'),(2332,42,1,1,1,NULL,'2026-07-03 08:55:01'),(2333,43,3,4,2,NULL,'2026-07-03 08:55:01'),(2334,43,3,4,2,NULL,'2026-07-03 08:56:01'),(2335,42,1,1,1,NULL,'2026-07-03 08:56:01'),(2336,43,3,4,2,NULL,'2026-07-03 08:57:01'),(2337,42,1,1,1,NULL,'2026-07-03 08:57:01'),(2338,54,1,NULL,NULL,NULL,'2026-07-03 08:58:01'),(2339,43,3,4,2,NULL,'2026-07-03 08:58:01'),(2340,42,1,1,1,NULL,'2026-07-03 08:58:01'),(2341,54,1,NULL,NULL,NULL,'2026-07-03 09:19:00'),(2342,42,1,1,1,NULL,'2026-07-03 09:19:01'),(2343,43,3,4,2,NULL,'2026-07-03 09:19:02'),(2344,54,1,NULL,NULL,NULL,'2026-07-03 09:20:00'),(2345,42,1,1,1,NULL,'2026-07-03 09:20:01'),(2346,43,3,4,2,NULL,'2026-07-03 09:20:01'),(2347,54,1,NULL,NULL,NULL,'2026-07-03 09:21:00'),(2348,43,3,4,2,NULL,'2026-07-03 09:21:01'),(2349,42,1,1,1,NULL,'2026-07-03 09:21:01'),(2350,54,1,NULL,NULL,NULL,'2026-07-03 09:22:00'),(2351,42,1,1,1,NULL,'2026-07-03 09:22:01'),(2352,43,3,4,2,NULL,'2026-07-03 09:22:01'),(2353,54,1,NULL,NULL,NULL,'2026-07-03 09:23:01'),(2354,42,1,1,1,NULL,'2026-07-03 09:23:02'),(2355,43,3,4,2,NULL,'2026-07-03 09:23:03'),(2356,54,1,NULL,NULL,NULL,'2026-07-03 09:24:00'),(2357,42,1,1,1,NULL,'2026-07-03 09:24:01'),(2358,43,3,4,2,NULL,'2026-07-03 09:24:02'),(2359,54,1,NULL,NULL,NULL,'2026-07-03 09:25:00'),(2360,42,1,1,1,NULL,'2026-07-03 09:25:02'),(2361,43,3,4,2,NULL,'2026-07-03 09:25:03'),(2362,54,1,NULL,NULL,NULL,'2026-07-03 09:26:01'),(2363,42,1,1,1,NULL,'2026-07-03 09:26:02'),(2364,43,3,4,2,NULL,'2026-07-03 09:26:08'),(2365,54,1,NULL,NULL,NULL,'2026-07-03 09:27:01'),(2366,42,1,1,1,NULL,'2026-07-03 09:27:02'),(2367,54,1,NULL,NULL,NULL,'2026-07-03 09:28:01'),(2368,43,3,4,2,NULL,'2026-07-03 09:28:02'),(2369,54,1,NULL,NULL,NULL,'2026-07-03 09:29:00'),(2370,42,1,1,1,NULL,'2026-07-03 09:29:01'),(2371,43,3,4,2,NULL,'2026-07-03 09:29:02'),(2372,54,1,NULL,NULL,NULL,'2026-07-03 09:30:00'),(2373,43,3,4,2,NULL,'2026-07-03 09:30:04'),(2374,42,1,1,1,NULL,'2026-07-03 09:30:05'),(2375,54,1,NULL,NULL,NULL,'2026-07-03 09:31:01'),(2376,54,1,NULL,NULL,NULL,'2026-07-03 09:32:01'),(2377,54,1,NULL,NULL,NULL,'2026-07-03 09:33:02'),(2378,43,3,4,2,NULL,'2026-07-03 09:33:02'),(2379,43,3,4,2,NULL,'2026-07-03 09:34:02'),(2380,42,1,1,1,NULL,'2026-07-03 09:34:02'),(2381,43,3,4,2,NULL,'2026-07-03 09:35:02'),(2382,54,1,NULL,NULL,NULL,'2026-07-03 09:36:01'),(2383,43,3,4,2,NULL,'2026-07-03 09:36:02'),(2384,54,1,NULL,NULL,NULL,'2026-07-03 09:37:00'),(2385,43,3,4,2,NULL,'2026-07-03 09:37:02'),(2386,54,1,NULL,NULL,NULL,'2026-07-03 09:38:01'),(2387,43,3,4,2,NULL,'2026-07-03 09:38:01'),(2388,54,1,NULL,NULL,NULL,'2026-07-03 09:39:02'),(2389,43,3,4,2,NULL,'2026-07-03 09:39:02'),(2390,54,1,NULL,NULL,NULL,'2026-07-03 09:40:02'),(2391,43,3,4,2,NULL,'2026-07-03 09:40:03'),(2392,54,1,NULL,NULL,NULL,'2026-07-03 09:41:00'),(2393,43,3,4,2,NULL,'2026-07-03 09:41:02'),(2394,43,3,4,2,NULL,'2026-07-03 09:42:02'),(2395,54,1,NULL,NULL,NULL,'2026-07-03 09:42:02'),(2396,54,1,NULL,NULL,NULL,'2026-07-03 09:43:01'),(2397,43,3,4,2,NULL,'2026-07-03 09:43:02'),(2398,42,1,1,1,NULL,'2026-07-03 09:44:01'),(2399,54,1,NULL,NULL,NULL,'2026-07-03 09:44:02'),(2400,43,3,4,2,NULL,'2026-07-03 09:44:06'),(2401,54,1,NULL,NULL,NULL,'2026-07-03 09:45:00'),(2402,43,3,4,2,NULL,'2026-07-03 09:45:01'),(2403,54,1,NULL,NULL,NULL,'2026-07-03 09:46:01'),(2404,54,1,NULL,NULL,NULL,'2026-07-03 09:47:00'),(2405,43,3,4,2,NULL,'2026-07-03 09:47:02'),(2406,54,1,NULL,NULL,NULL,'2026-07-03 09:48:01'),(2407,43,3,4,2,NULL,'2026-07-03 09:48:03'),(2408,54,1,NULL,NULL,NULL,'2026-07-03 09:49:01'),(2409,42,1,1,1,NULL,'2026-07-03 09:49:02'),(2410,43,3,4,2,NULL,'2026-07-03 09:49:02'),(2411,54,1,NULL,NULL,NULL,'2026-07-03 09:50:01'),(2412,43,3,4,2,NULL,'2026-07-03 09:50:02'),(2413,42,1,1,1,NULL,'2026-07-03 09:50:02'),(2414,54,1,NULL,NULL,NULL,'2026-07-03 09:51:01'),(2415,43,3,4,2,NULL,'2026-07-03 09:51:02'),(2416,42,1,1,1,NULL,'2026-07-03 09:51:02'),(2417,54,1,NULL,NULL,NULL,'2026-07-03 09:52:00'),(2418,42,1,1,1,NULL,'2026-07-03 09:52:02'),(2419,43,3,4,2,NULL,'2026-07-03 09:52:02'),(2420,42,1,1,1,NULL,'2026-07-03 09:53:02'),(2421,43,3,4,2,NULL,'2026-07-03 09:53:03'),(2422,54,1,NULL,NULL,NULL,'2026-07-03 09:54:00'),(2423,42,1,1,1,NULL,'2026-07-03 09:54:02'),(2424,43,3,4,2,NULL,'2026-07-03 09:54:02'),(2425,54,1,NULL,NULL,NULL,'2026-07-03 09:55:00'),(2426,42,1,1,1,NULL,'2026-07-03 09:55:02'),(2427,43,3,4,2,NULL,'2026-07-03 09:55:02'),(2428,54,1,NULL,NULL,NULL,'2026-07-03 09:56:01'),(2429,42,1,1,1,NULL,'2026-07-03 09:56:02'),(2430,43,3,4,2,NULL,'2026-07-03 09:56:02'),(2431,43,3,4,2,NULL,'2026-07-03 09:57:02'),(2432,54,1,NULL,NULL,NULL,'2026-07-03 09:57:02'),(2433,42,1,1,1,NULL,'2026-07-03 09:57:03'),(2434,54,1,NULL,NULL,NULL,'2026-07-03 09:58:02'),(2435,43,3,4,2,NULL,'2026-07-03 09:58:04'),(2436,42,1,1,1,NULL,'2026-07-03 09:58:05'),(2437,54,1,NULL,NULL,NULL,'2026-07-03 09:59:02'),(2438,42,1,1,1,NULL,'2026-07-03 09:59:02'),(2439,43,3,4,2,NULL,'2026-07-03 09:59:02'),(2440,42,1,1,1,NULL,'2026-07-03 10:00:01'),(2441,43,3,4,2,NULL,'2026-07-03 10:00:02'),(2442,54,1,NULL,NULL,NULL,'2026-07-03 10:00:02'),(2443,54,1,NULL,NULL,NULL,'2026-07-03 10:01:02'),(2444,42,1,1,1,NULL,'2026-07-03 10:01:02'),(2445,43,3,4,2,NULL,'2026-07-03 10:01:02'),(2446,54,1,NULL,NULL,NULL,'2026-07-04 02:13:00'),(2447,42,1,1,1,NULL,'2026-07-04 02:13:01'),(2448,43,3,4,2,NULL,'2026-07-04 02:13:01'),(2449,54,1,NULL,NULL,NULL,'2026-07-04 02:14:00'),(2450,42,1,1,1,NULL,'2026-07-04 02:14:01'),(2451,43,3,4,2,NULL,'2026-07-04 02:14:01'),(2452,54,1,NULL,NULL,NULL,'2026-07-04 02:15:00'),(2453,42,1,1,1,NULL,'2026-07-04 02:15:01'),(2454,43,3,4,2,NULL,'2026-07-04 02:15:01'),(2455,43,3,4,2,NULL,'2026-07-04 06:44:01'),(2456,42,1,1,1,NULL,'2026-07-04 06:44:01'),(2457,54,1,NULL,NULL,NULL,'2026-07-04 06:45:01'),(2458,42,1,1,1,NULL,'2026-07-04 06:45:01'),(2459,43,3,4,2,NULL,'2026-07-04 06:45:02'),(2460,54,1,NULL,NULL,NULL,'2026-07-04 06:46:00'),(2461,43,3,4,2,NULL,'2026-07-04 06:46:01'),(2462,42,1,1,1,NULL,'2026-07-04 06:46:01'),(2463,54,1,NULL,NULL,NULL,'2026-07-04 06:47:00'),(2464,42,1,1,1,NULL,'2026-07-04 06:47:01'),(2465,43,3,4,2,NULL,'2026-07-04 06:47:01'),(2466,54,1,NULL,NULL,NULL,'2026-07-04 06:48:01'),(2467,42,1,1,1,NULL,'2026-07-04 06:48:01'),(2468,43,3,4,2,NULL,'2026-07-04 06:48:02'),(2469,54,1,NULL,NULL,NULL,'2026-07-04 06:49:01'),(2470,43,3,4,2,NULL,'2026-07-04 06:49:01'),(2471,42,1,1,1,NULL,'2026-07-04 06:49:01'),(2472,54,1,NULL,NULL,NULL,'2026-07-04 06:50:00'),(2473,42,1,1,1,NULL,'2026-07-04 06:50:02'),(2474,43,3,4,2,NULL,'2026-07-04 06:50:02'),(2475,54,1,NULL,NULL,NULL,'2026-07-04 06:51:00'),(2476,42,1,1,1,NULL,'2026-07-04 06:51:01'),(2477,43,3,4,2,NULL,'2026-07-04 06:51:01'),(2478,54,1,NULL,NULL,NULL,'2026-07-04 06:52:01'),(2479,43,3,4,2,NULL,'2026-07-04 06:52:03'),(2480,42,1,1,1,NULL,'2026-07-04 06:52:03'),(2481,54,1,NULL,NULL,NULL,'2026-07-04 06:53:00'),(2482,42,1,1,1,NULL,'2026-07-04 06:53:01'),(2483,43,3,4,2,NULL,'2026-07-04 06:53:01'),(2484,54,1,NULL,NULL,NULL,'2026-07-04 06:54:01'),(2485,43,3,4,2,NULL,'2026-07-04 06:54:01'),(2486,42,1,1,1,NULL,'2026-07-04 06:54:01'),(2487,54,1,NULL,NULL,NULL,'2026-07-04 06:55:00'),(2488,43,3,4,2,NULL,'2026-07-04 06:55:01'),(2489,42,1,1,1,NULL,'2026-07-04 06:55:01'),(2490,42,1,1,1,NULL,'2026-07-04 06:56:01'),(2491,43,3,4,2,NULL,'2026-07-04 06:56:02'),(2492,54,1,NULL,NULL,NULL,'2026-07-04 06:56:04'),(2493,54,1,NULL,NULL,NULL,'2026-07-04 06:57:01'),(2494,43,3,4,2,NULL,'2026-07-04 06:57:01'),(2495,42,1,1,1,NULL,'2026-07-04 06:57:04'),(2496,54,1,NULL,NULL,NULL,'2026-07-04 06:58:00'),(2497,43,3,4,2,NULL,'2026-07-04 06:58:01'),(2498,42,1,1,1,NULL,'2026-07-04 06:58:01'),(2499,54,1,NULL,NULL,NULL,'2026-07-04 06:59:01'),(2500,43,3,4,2,NULL,'2026-07-04 06:59:02'),(2501,42,1,1,1,NULL,'2026-07-04 06:59:02'),(2502,54,1,NULL,NULL,NULL,'2026-07-04 07:00:00'),(2503,43,3,4,2,NULL,'2026-07-04 07:00:01'),(2504,42,1,1,1,NULL,'2026-07-04 07:00:01'),(2505,54,1,NULL,NULL,NULL,'2026-07-04 07:01:01'),(2506,43,3,4,2,NULL,'2026-07-04 07:01:02'),(2507,42,1,1,1,NULL,'2026-07-04 07:01:02'),(2508,54,1,NULL,NULL,NULL,'2026-07-04 07:02:01'),(2509,43,3,4,2,NULL,'2026-07-04 07:02:01'),(2510,42,1,1,1,NULL,'2026-07-04 07:02:01'),(2511,54,1,NULL,NULL,NULL,'2026-07-04 07:03:01'),(2512,43,3,4,2,NULL,'2026-07-04 07:03:01'),(2513,42,1,1,1,NULL,'2026-07-04 07:03:01'),(2514,43,3,4,2,NULL,'2026-07-04 07:04:02'),(2515,42,1,1,1,NULL,'2026-07-04 07:04:02'),(2516,54,1,NULL,NULL,NULL,'2026-07-04 07:04:03'),(2517,54,1,NULL,NULL,NULL,'2026-07-04 07:05:00'),(2518,42,1,1,1,NULL,'2026-07-04 07:05:01'),(2519,43,3,4,2,NULL,'2026-07-04 07:05:02'),(2520,42,1,1,1,NULL,'2026-07-04 07:06:02'),(2521,54,1,NULL,NULL,NULL,'2026-07-04 07:06:03'),(2522,43,3,4,2,NULL,'2026-07-04 07:06:04'),(2523,54,1,NULL,NULL,NULL,'2026-07-04 07:07:01'),(2524,42,1,1,1,NULL,'2026-07-04 07:07:01'),(2525,43,3,4,2,NULL,'2026-07-04 07:07:02'),(2526,54,1,NULL,NULL,NULL,'2026-07-04 07:08:01'),(2527,42,1,1,1,NULL,'2026-07-04 07:08:01'),(2528,43,3,4,2,NULL,'2026-07-04 07:08:02'),(2529,54,1,NULL,NULL,NULL,'2026-07-04 07:09:01'),(2530,42,1,1,1,NULL,'2026-07-04 07:09:02'),(2531,43,3,4,2,NULL,'2026-07-04 07:09:02'),(2532,54,1,NULL,NULL,NULL,'2026-07-04 07:10:01'),(2533,43,3,4,2,NULL,'2026-07-04 07:10:02'),(2534,42,1,1,1,NULL,'2026-07-04 07:10:02'),(2535,54,1,NULL,NULL,NULL,'2026-07-04 07:11:01'),(2536,42,1,1,1,NULL,'2026-07-04 07:11:01'),(2537,43,3,4,2,NULL,'2026-07-04 07:11:01'),(2538,54,1,NULL,NULL,NULL,'2026-07-04 07:12:01'),(2539,42,1,1,1,NULL,'2026-07-04 07:12:01'),(2540,43,3,4,2,NULL,'2026-07-04 07:12:01'),(2541,42,1,1,1,NULL,'2026-07-04 07:13:01'),(2542,54,1,NULL,NULL,NULL,'2026-07-04 07:13:02'),(2543,43,3,4,2,NULL,'2026-07-04 07:13:04'),(2544,54,1,NULL,NULL,NULL,'2026-07-04 07:14:01'),(2545,43,3,4,2,NULL,'2026-07-04 07:14:01'),(2546,42,1,1,1,NULL,'2026-07-04 07:14:02'),(2547,54,1,NULL,NULL,NULL,'2026-07-04 07:15:01'),(2548,43,3,4,2,NULL,'2026-07-04 07:15:01'),(2549,42,1,1,1,NULL,'2026-07-04 07:15:01'),(2550,54,1,NULL,NULL,NULL,'2026-07-04 07:16:00'),(2551,42,1,1,1,NULL,'2026-07-04 07:16:01'),(2552,43,3,4,2,NULL,'2026-07-04 07:16:01'),(2553,54,1,NULL,NULL,NULL,'2026-07-04 07:17:01'),(2554,42,1,1,1,NULL,'2026-07-04 07:17:01'),(2555,43,3,4,2,NULL,'2026-07-04 07:17:02'),(2556,54,1,NULL,NULL,NULL,'2026-07-04 07:18:01'),(2557,42,1,1,1,NULL,'2026-07-04 07:18:01'),(2558,43,3,4,2,NULL,'2026-07-04 07:18:02'),(2559,54,1,NULL,NULL,NULL,'2026-07-04 07:19:00'),(2560,42,1,1,1,NULL,'2026-07-04 07:19:01'),(2561,43,3,4,2,NULL,'2026-07-04 07:19:01'),(2562,54,1,NULL,NULL,NULL,'2026-07-04 07:20:01'),(2563,42,1,1,1,NULL,'2026-07-04 07:20:01'),(2564,43,3,4,2,NULL,'2026-07-04 07:20:02'),(2565,54,1,NULL,NULL,NULL,'2026-07-04 07:21:00'),(2566,43,3,4,2,NULL,'2026-07-04 07:21:02'),(2567,42,1,1,1,NULL,'2026-07-04 07:21:03'),(2568,54,1,NULL,NULL,NULL,'2026-07-04 07:22:00'),(2569,42,1,1,1,NULL,'2026-07-04 07:22:01'),(2570,43,3,4,2,NULL,'2026-07-04 07:22:02'),(2571,54,1,NULL,NULL,NULL,'2026-07-04 07:23:01'),(2572,42,1,1,1,NULL,'2026-07-04 07:23:01'),(2573,43,3,4,2,NULL,'2026-07-04 07:23:01'),(2574,54,1,NULL,NULL,NULL,'2026-07-04 07:24:01'),(2575,43,3,4,2,NULL,'2026-07-04 07:24:02'),(2576,42,1,1,1,NULL,'2026-07-04 07:24:02'),(2577,54,1,NULL,NULL,NULL,'2026-07-04 07:25:00'),(2578,42,1,1,1,NULL,'2026-07-04 07:25:01'),(2579,43,3,4,2,NULL,'2026-07-04 07:25:01'),(2580,54,1,NULL,NULL,NULL,'2026-07-04 07:26:00'),(2581,42,1,1,1,NULL,'2026-07-04 07:26:01'),(2582,43,3,4,2,NULL,'2026-07-04 07:26:02'),(2583,54,1,NULL,NULL,NULL,'2026-07-04 07:27:01'),(2584,42,1,1,1,NULL,'2026-07-04 07:27:01'),(2585,43,3,4,2,NULL,'2026-07-04 07:27:02'),(2586,54,1,NULL,NULL,NULL,'2026-07-04 07:28:01'),(2587,42,1,1,1,NULL,'2026-07-04 07:28:02'),(2588,43,3,4,2,NULL,'2026-07-04 07:28:03'),(2589,54,1,NULL,NULL,NULL,'2026-07-04 07:29:01'),(2590,42,1,1,1,NULL,'2026-07-04 07:29:02'),(2591,43,3,4,2,NULL,'2026-07-04 07:29:02'),(2592,54,1,NULL,NULL,NULL,'2026-07-04 07:30:01'),(2593,42,1,1,1,NULL,'2026-07-04 07:30:02'),(2594,43,3,4,2,NULL,'2026-07-04 07:30:03'),(2595,54,1,NULL,NULL,NULL,'2026-07-04 07:31:01'),(2596,42,1,1,1,NULL,'2026-07-04 07:31:01'),(2597,43,3,4,2,NULL,'2026-07-04 07:31:02'),(2598,54,1,NULL,NULL,NULL,'2026-07-04 07:32:00'),(2599,42,1,1,1,NULL,'2026-07-04 07:32:01'),(2600,43,3,4,2,NULL,'2026-07-04 07:32:01'),(2601,54,1,NULL,NULL,NULL,'2026-07-04 07:33:01'),(2602,43,3,4,2,NULL,'2026-07-04 07:33:01'),(2603,42,1,1,1,NULL,'2026-07-04 07:33:01'),(2604,54,1,NULL,NULL,NULL,'2026-07-04 07:34:00'),(2605,42,1,1,1,NULL,'2026-07-04 07:34:02'),(2606,43,3,4,2,NULL,'2026-07-04 07:34:03'),(2607,54,1,NULL,NULL,NULL,'2026-07-04 07:35:01'),(2608,42,1,1,1,NULL,'2026-07-04 07:35:03'),(2609,43,3,4,2,NULL,'2026-07-04 07:35:03'),(2610,43,3,4,2,NULL,'2026-07-04 07:36:02'),(2611,54,1,NULL,NULL,NULL,'2026-07-04 07:36:02'),(2612,42,1,1,1,NULL,'2026-07-04 07:36:02'),(2613,54,1,NULL,NULL,NULL,'2026-07-04 07:37:01'),(2614,42,1,1,1,NULL,'2026-07-04 07:37:01'),(2615,43,3,4,2,NULL,'2026-07-04 07:37:01'),(2616,54,1,NULL,NULL,NULL,'2026-07-04 07:51:01'),(2617,43,3,4,2,NULL,'2026-07-04 07:51:01'),(2618,42,1,1,1,NULL,'2026-07-04 07:51:01'),(2619,54,1,NULL,NULL,NULL,'2026-07-04 07:52:01'),(2620,42,1,1,1,NULL,'2026-07-04 07:52:02'),(2621,43,3,4,2,NULL,'2026-07-04 07:52:02'),(2622,54,1,NULL,NULL,NULL,'2026-07-04 07:53:01'),(2623,43,3,4,2,NULL,'2026-07-04 07:53:01'),(2624,42,1,1,1,NULL,'2026-07-04 07:53:02'),(2625,54,1,NULL,NULL,NULL,'2026-07-04 07:54:01'),(2626,42,1,1,1,NULL,'2026-07-04 07:54:02'),(2627,43,3,4,2,NULL,'2026-07-04 07:54:02'),(2628,54,1,NULL,NULL,NULL,'2026-07-04 07:55:02'),(2629,43,3,4,2,NULL,'2026-07-04 07:55:02'),(2630,42,1,1,1,NULL,'2026-07-04 07:55:02');
/*!40000 ALTER TABLE `social_metrics` ENABLE KEYS */;
UNLOCK TABLES;

--
-- Table structure for table `users`
--

DROP TABLE IF EXISTS `users`;
/*!40101 SET @saved_cs_client     = @@character_set_client */;
/*!40101 SET character_set_client = utf8 */;
CREATE TABLE `users` (
  `id` int NOT NULL AUTO_INCREMENT,
  `name` varchar(100) NOT NULL,
  `email` varchar(100) NOT NULL,
  `password` varchar(255) NOT NULL,
  `created_at` timestamp NULL DEFAULT CURRENT_TIMESTAMP,
  `is_verified` tinyint(1) DEFAULT '0',
  `otp` varchar(10) DEFAULT NULL,
  `otp_expires` datetime DEFAULT NULL,
  PRIMARY KEY (`id`),
  UNIQUE KEY `email` (`email`)
) ENGINE=InnoDB AUTO_INCREMENT=18 DEFAULT CHARSET=utf8mb4 COLLATE=utf8mb4_0900_ai_ci;
/*!40101 SET character_set_client = @saved_cs_client */;

--
-- Dumping data for table `users`
--

LOCK TABLES `users` WRITE;
/*!40000 ALTER TABLE `users` DISABLE KEYS */;
INSERT INTO `users` VALUES (16,'s','bhowmiksrijana@gmail.com','$2b$10$GejPT.HrjnltaZxf3IGioO.FkPmpuzEUZGjsq.4ps8fFQzXvMBNJW','2026-07-02 06:03:52',1,NULL,NULL),(17,'s','s@gmail.com','$2b$10$ZAITGYeScGtEg/l66wKRQObe7JVoyjn4hdcqkfJGBBgAoR5REW5Bu','2026-07-04 02:09:43',0,'725186','2026-07-04 07:44:43');
/*!40000 ALTER TABLE `users` ENABLE KEYS */;
UNLOCK TABLES;
/*!40103 SET TIME_ZONE=@OLD_TIME_ZONE */;

/*!40101 SET SQL_MODE=@OLD_SQL_MODE */;
/*!40014 SET FOREIGN_KEY_CHECKS=@OLD_FOREIGN_KEY_CHECKS */;
/*!40014 SET UNIQUE_CHECKS=@OLD_UNIQUE_CHECKS */;
/*!40101 SET CHARACTER_SET_CLIENT=@OLD_CHARACTER_SET_CLIENT */;
/*!40101 SET CHARACTER_SET_RESULTS=@OLD_CHARACTER_SET_RESULTS */;
/*!40101 SET COLLATION_CONNECTION=@OLD_COLLATION_CONNECTION */;
/*!40111 SET SQL_NOTES=@OLD_SQL_NOTES */;

-- Dump completed on 2026-07-04 14:40:27
